manager,pick,name,team,pos
D. Archambault,1.1,Connor McDavid,EDM,F
D. Archambault,2.12,Mikko Rantanen,DAL,F
D. Archambault,3.1,Mitch Marner,VGK,F
D. Archambault,4.12,Victor Hedman,TB,D
D. Archambault,5.1,Aleksander Barkov,FLA,F
D. Archambault,6.12,Shea Theodore,VGK,D
D. Archambault,7.1,Jackson LaCombe,ANA,D
D. Archambault,8.12,Will Smith,SJ,F
D. Archambault,9.1,Jesper Wallstedt,MIN,G
D. Archambault,10.12,Roope Hintz,DAL,F
D. Archambault,11.1,Seth Jones,FLA,D
D. Archambault,12.12,Dylan Larkin,DET,F
D. Archambault,13.1,Sergei Bobrovsky,TOR,G
D. Archambault,14.12,Jamie Drysdale,PHI,D
D. Archambault,15.1,Dylan Strome,WSH,F
D. Archambault,16.12,Simon Nemec,CGY,D
M. Bélanger,1.2,Nathan MacKinnon,COL,F
M. Bélanger,2.11,Adam Fox,NYR,D
M. Bélanger,3.2,Jack Hughes,NJ,F
M. Bélanger,4.11,Roman Josi,NSH,D
M. Bélanger,5.2,Jakub Dobes,MTL,G
M. Bélanger,6.11,Jake Sanderson,OTT,D
M. Bélanger,7.2,Lucas Raymond,DET,F
M. Bélanger,8.11,Connor Bedard,CHI,F
M. Bélanger,9.2,Nico Hischier,NJ,F
M. Bélanger,10.11,Thomas Harley,DAL,D
M. Bélanger,11.2,Mark Stone,VGK,F
M. Bélanger,12.11,Travis Konecny,PHI,F
M. Bélanger,13.2,Devon Toews,COL,D
M. Bélanger,14.11,Denton Mateychuk,CBJ,D
M. Bélanger,15.2,Joel Eriksson Ek,MIN,F
M. Bélanger,16.11,Tristan Jarry,EDM,G
P. Allard,1.3,Nikita Kucherov,TB,F
P. Allard,2.10,Matthew Schaefer,NYI,D
P. Allard,3.3,Tage Thompson,BUF,F
P. Allard,4.10,Jacob Markstrom,FLA,G
P. Allard,5.3,John Carlson,TB,D
P. Allard,6.10,Tim Stutzle,OTT,F
P. Allard,7.3,Adrian Kempe,LA,F
P. Allard,8.10,Steven Stamkos,NSH,F
P. Allard,9.3,Jacob Trouba,SJ,D
P. Allard,10.10,Brandon Montour,SEA,D
P. Allard,11.3,Seth Jarvis,CAR,F
P. Allard,12.10,Vincent Trocheck,UTA,F
P. Allard,13.3,Zeev Buium,VAN,D
P. Allard,14.10,Vladislav Gavrikov,NYR,D
P. Allard,15.3,Pyotr Kochetkov,CAR,G
P. Allard,16.10,Tom Wilson,WSH,F
P. Fiset,1.4,Macklin Celebrini,SJ,F
P. Fiset,2.9,Jake Oettinger,DAL,G
P. Fiset,3.4,Cole Caufield,MTL,F
P. Fiset,4.9,Jakob Chychrun,WSH,D
P. Fiset,5.4,Alex DeBrincat,DET,F
P. Fiset,6.9,Shayne Gostisbehere,CAR,D
P. Fiset,7.4,Sidney Crosby,PIT,F
P. Fiset,8.9,Rasmus Andersson,VGK,D
P. Fiset,9.4,Drake Batherson,OTT,F
P. Fiset,10.9,Brock Nelson,COL,F
P. Fiset,11.4,Mattias Samuelsson,BUF,D
P. Fiset,12.9,Travis Sanheim,PHI,D
P. Fiset,13.4,Mackenzie Blackwood,COL,G
P. Fiset,14.9,Bo Horvat,NYI,F
P. Fiset,15.4,Dmitry Orlov,SJ,D
P. Fiset,16.9,Dylan Cozens,OTT,F
L. Girard,1.5,Martin Necas,COL,F
L. Girard,2.8,Darren Raddysh,TOR,D
L. Girard,3.5,Scott Wedgewood,COL,G
L. Girard,4.8,Filip Forsberg,NSH,F
L. Girard,5.5,Cutter Gauthier,ANA,F
L. Girard,6.8,Josh Morrissey,WPG,D
L. Girard,7.5,Zach Hyman,EDM,F
L. Girard,8.8,Andrei Svechnikov,CAR,F
L. Girard,9.5,Matthew Knies,TOR,F
L. Girard,10.8,Justin Faulk,DET,D
L. Girard,11.5,Luke Hughes,NJ,D
L. Girard,12.8,Jared McCann,SEA,F
L. Girard,13.5,John Gibson,DET,G
L. Girard,14.8,Mattias Ekholm,EDM,D
L. Girard,15.5,Bryan Rust,PIT,F
L. Girard,16.8,Hampus Lindholm,BOS,D
J. Gobeil,1.6,Leon Draisaitl,EDM,F
J. Gobeil,2.7,Rasmus Dahlin,BUF,D
J. Gobeil,3.6,Kyle Connor,WPG,F
J. Gobeil,4.7,Mark Scheifele,WPG,F
J. Gobeil,5.6,Sam Reinhart,FLA,F
J. Gobeil,6.7,Brayden Point,TB,F
J. Gobeil,7.6,Erik Karlsson,PIT,D
J. Gobeil,8.7,Jeremy Swayman,BOS,G
J. Gobeil,9.6,Vince Dunn,SEA,D
J. Gobeil,10.7,Mathew Barzal,NYI,F
J. Gobeil,11.6,Oliver Ekman-Larsson,TOR,D
J. Gobeil,12.7,Nikolaj Ehlers,CAR,F
J. Gobeil,13.6,K'Andre Miller,CAR,D
J. Gobeil,14.7,Evgeni Malkin,PIT,F
J. Gobeil,15.6,Kris Letang,PIT,D
J. Gobeil,16.7,Sam Montembeault,MTL,G
F. Fusey,1.7,Cale Makar,COL,D
F. Fusey,2.6,Evan Bouchard,EDM,D
F. Fusey,3.7,Wyatt Johnston,DAL,F
F. Fusey,4.6,Karel Vejmelka,UTA,G
F. Fusey,5.7,Artemi Panarin,LA,F
F. Fusey,6.6,Sebastian Aho,CAR,F
F. Fusey,7.7,Brock Faber,MIN,D
F. Fusey,8.6,Kirill Marchenko,CBJ,F
F. Fusey,9.7,Nick Schmaltz,UTA,F
F. Fusey,10.6,Ryan O'Reilly,NSH,F
F. Fusey,11.7,Zayne Parekh,CGY,D
F. Fusey,12.6,Porter Martone,PHI,F
F. Fusey,13.7,John Tavares,TOR,F
F. Fusey,14.6,Juuse Saros,NSH,G
F. Fusey,15.7,Sam Malinski,COL,D
F. Fusey,16.6,Cam Fowler,STL,D
M. Gosselin,1.8,David Pastrnak,BOS,F
M. Gosselin,2.5,Auston Matthews,TOR,F
M. Gosselin,3.8,Juraj Slafkovsky,MTL,F
M. Gosselin,4.5,Noah Dobson,MTL,D
M. Gosselin,5.8,Brady Tkachuk,FLA,F
M. Gosselin,6.5,Mika Zibanejad,NYR,F
M. Gosselin,7.8,Igor Shesterkin,NYR,G
M. Gosselin,8.5,Adam Fantilli,CBJ,F
M. Gosselin,9.8,Thomas Chabot,OTT,D
M. Gosselin,10.5,Matvei Michkov,PHI,F
M. Gosselin,11.8,Dylan Holloway,STL,F
M. Gosselin,12.5,Morgan Rielly,TOR,D
M. Gosselin,13.8,Noah Hanifin,VGK,D
M. Gosselin,14.5,Brandon Bussi,CAR,G
M. Gosselin,15.8,Martin Fehervary,WSH,D
M. Gosselin,16.5,Sean Walker,CAR,D
B. Belanger,1.9,Kirill Kaprizov,MIN,F
B. Belanger,2.4,Lane Hutson,MTL,D
B. Belanger,3.9,Matt Boldy,MIN,F
B. Belanger,4.4,Mikhail Sergachev,UTA,D
B. Belanger,5.9,Ivan Demidov,MTL,F
B. Belanger,6.4,Logan Cooley,UTA,F
B. Belanger,7.9,Leo Carlsson,ANA,F
B. Belanger,8.4,Brandt Clarke,LA,D
B. Belanger,9.9,Trevor Zegras,PHI,F
B. Belanger,10.4,Dougie Hamilton,NJ,D
B. Belanger,11.9,Gabriel Vilardi,WPG,F
B. Belanger,12.4,Jimmy Snuggerud,STL,F
B. Belanger,13.9,Jet Greaves,CBJ,G
B. Belanger,14.4,Lukas Dostal,ANA,G
B. Belanger,15.9,Owen Power,BUF,D
B. Belanger,16.4,Aaron Ekblad,FLA,D
A. Cordeau,1.10,Quinn Hughes,MIN,D
A. Cordeau,2.3,Andrei Vasilevskiy,TB,G
A. Cordeau,3.10,Jake Guentzel,TB,F
A. Cordeau,4.3,Miro Heiskanen,DAL,D
A. Cordeau,5.10,Matthew Tkachuk,FLA,F
A. Cordeau,6.3,Brandon Hagel,TB,F
A. Cordeau,7.10,Charlie McAvoy,BOS,D
A. Cordeau,8.3,Jesper Bratt,NJ,F
A. Cordeau,9.10,Filip Hronek,VAN,D
A. Cordeau,10.3,Robert Thomas,STL,F
A. Cordeau,11.10,Pavel Dorofeyev,NYR,F
A. Cordeau,12.3,Tony DeAngelo,NYI,D
A. Cordeau,13.10,Alex Ovechkin,WSH,F
A. Cordeau,14.3,Connor Hellebuyck,WPG,G
A. Cordeau,15.10,Alexander Nikishin,CAR,D
A. Cordeau,16.3,William Eklund,OTT,F
S. Marcoux,1.11,Zach Werenski,CBJ,D
S. Marcoux,2.2,Jack Eichel,VGK,F
S. Marcoux,3.11,William Nylander,TOR,F
S. Marcoux,4.2,Clayton Keller,UTA,F
S. Marcoux,5.11,Bowen Byram,CHI,D
S. Marcoux,6.2,Dylan Guenther,UTA,F
S. Marcoux,7.11,Carter Hart,VGK,G
S. Marcoux,8.2,Beckett Sennecke,ANA,F
S. Marcoux,9.11,Morgan Geekie,BOS,F
S. Marcoux,10.2,Cole Hutson,WSH,D
S. Marcoux,11.11,Ilya Sorokin,NYI,G
S. Marcoux,12.2,Philip Broberg,STL,D
S. Marcoux,13.11,Zach Benson,BUF,F
S. Marcoux,14.2,Carter Verhaeghe,FLA,F
S. Marcoux,15.11,Luca Cagnoni,SJ,D
S. Marcoux,16.2,Sam Rinzel,CHI,D
D. Giroux,1.12,Nick Suzuki,MTL,F
D. Giroux,2.1,Jason Robertson,DAL,F
D. Giroux,3.12,Moritz Seider,DET,D
D. Giroux,4.1,Logan Thompson,WSH,G
D. Giroux,5.12,Alex Tuch,WSH,F
D. Giroux,6.1,MacKenzie Weegar,UTA,D
D. Giroux,7.12,Elias Pettersson,VAN,F
D. Giroux,8.1,Mike Matheson,MTL,D
D. Giroux,9.12,Sam Bennett,FLA,F
D. Giroux,10.1,Gavin McKenna,TOR,F
D. Giroux,11.12,Esa Lindell,DAL,D
D. Giroux,12.1,Colton Parayko,STL,D
D. Giroux,13.12,Patrick Kane,CHI,F
D. Giroux,14.1,Darnell Nurse,SJ,D
D. Giroux,15.12,Linus Ullmark,OTT,G
D. Giroux,16.1,Chris Kreider,MTL,F
