playerId,team,name,df_goalie,model_share,start_share
8480843,ANA,Lukas Dostal,g1,0.586,0.603
8478024,ANA,Ville Husso,g2,0.295,0.298
8476316,ANA,Laurent Brossoit,,0.119,0.1
8480280,BOS,Jeremy Swayman,g1,0.655,0.638
8480022,BOS,Michael DiPietro,g2,0.12,0.21
8480045,BUF,Ukko-Pekka Luukkonen,g1,0.42,0.488
8479312,BUF,Alex Lyon,g2,0.367,0.313
8481551,BUF,Colten Ellis,,0.213,0.138
8483475,BUF,Topias Leinonen,,0.05,0.061
8483548,CAR,Brandon Bussi,g1,0.505,0.562
8481611,CAR,Pyotr Kochetkov,g2,0.179,0.24
8480051,CAR,Cayden Primeau,,0.142,0.111
8482982,CBJ,Jet Greaves,g1,0.472,0.525
8478007,CBJ,Elvis Merzlikins,g2,0.274,0.276
8475660,CBJ,Cam Talbot,,0.171,0.121
8477831,CBJ,Pheonix Copley,,0.084,0.079
8481692,CGY,Dustin Wolf,g1,0.618,0.604
8482445,CGY,Devin Cooley,g2,0.382,0.333
8485012,CGY,Kirill Zarubin,,0.05,0.063
8481519,CHI,Spencer Knight,g1,0.562,0.591
8482821,CHI,Arvid Soderblom,g2,0.307,0.304
8482123,CHI,Drew Commesso,,0.131,0.106
8475809,COL,Scott Wedgewood,g1,0.437,0.496
8478406,COL,Mackenzie Blackwood,g2,0.437,0.346
8481529,COL,Trent Miner,,0.126,0.097
8484996,COL,Ilya Nabokov,,0.05,0.061
8479979,DAL,Jake Oettinger,g1,0.654,0.621
8479193,DAL,Casey DeSmith,g2,0.346,0.315
8482465,DAL,Rémi Poirier,,0.05,0.063
8476434,DET,John Gibson,g1,0.606,0.598
8480193,DET,Daniil Tarasov,g2,0.394,0.339
8481757,DET,Carter Gylander,,0.05,0.063
8475883,EDM,Frederik Andersen,,0.387,0.225
8477465,EDM,Tristan Jarry,g1,0.376,0.479
8477035,EDM,Matt Tomkins,,0.118,0.095
8482221,EDM,Devon Levi,g2,0.118,0.201
8474593,FLA,Jacob Markstrom,g1,0.449,0.534
8481033,FLA,Akira Schmid,g2,0.352,0.326
8484900,FLA,Cooper Black,,0.05,0.065
8475311,LAK,Darcy Kuemper,g1,0.486,0.553
8476341,LAK,Anton Forsberg,g2,0.399,0.35
8481707,LAK,Erik Portillo,,0.115,0.098
8479406,MIN,Filip Gustavsson,,0.475,0.277
8482661,MIN,Jesper Wallstedt,g1,0.364,0.492
8475717,MIN,Calvin Pickard,g2,0.161,0.23
8482487,MTL,Jakub Dobes,g1,0.48,0.55
8484170,MTL,Jacob Fowler,g2,0.271,0.286
8478470,MTL,Samuel Montembeault,,0.249,0.164
8474596,NJD,Jake Allen,g1,0.399,0.51
8479496,NJD,David Rittich,,0.334,0.207
8482076,NJD,Nico Daws,g2,0.162,0.231
8477424,NSH,Juuse Saros,g1,0.646,0.633
8481020,NSH,Justus Annunen,g2,0.354,0.327
8478009,NYI,Ilya Sorokin,g1,0.631,0.626
8477970,NYI,Vitek Vanecek,g2,0.284,0.292
8473575,NYI,Semyon Varlamov,,0.085,0.082
8478048,NYR,Igor Shesterkin,g1,0.528,0.574
8476914,NYR,Joonas Korpisalo,g2,0.326,0.313
8482193,NYR,Dylan Garand,,0.146,0.113
8476999,OTT,Linus Ullmark,g1,0.46,0.54
8481035,OTT,Samuel Ersson,g2,0.298,0.299
8477992,OTT,Jonas Johansson,,0.242,0.161
8478435,PHI,Dan Vladar,g1,0.496,0.558
8479361,PHI,Joseph Woll,g2,0.398,0.349
8482783,PHI,Aleksei Kolosov,,0.106,0.093
8481668,PIT,Arturs Silovs,g1,0.488,0.554
8483703,PIT,Sergei Murashov,g2,0.149,0.224
8478916,SEA,Joey Daccord,g1,0.547,0.584
8475831,SEA,Philipp Grubauer,g2,0.36,0.33
8482137,SJS,Yaroslav Askarov,g1,0.361,0.444
8477968,SJS,Alex Nedeljkovic,g2,0.331,0.286
8477480,SJS,Eric Comrie,,0.227,0.139
8478492,SJS,Ilya Samsonov,,0.081,0.073
8480356,SJS,Kyle Keyser,,0.05,0.059
8480981,STL,Joel Hofer,g1,0.491,0.556
8476412,STL,Jordan Binnington,g2,0.404,0.352
8484312,STL,Georgii Romanov,,0.104,0.092
8476883,TBL,Andrei Vasilevskiy,g1,0.662,0.641
8483710,TBL,Dennis Hildeby,g2,0.218,0.259
8481544,TBL,Mads Sogaard,,0.12,0.1
8475683,TOR,Sergei Bobrovsky,g1,0.458,0.539
8476932,TOR,Anthony Stolarz,g2,0.362,0.331
8478872,UTA,Karel Vejmelka,g1,0.731,0.676
8482657,UTA,Sebastian Cossa,g2,0.12,0.21
8480947,VAN,Kevin Lankinen,g1,0.393,0.487
8484268,VAN,Nikita Tolopilo,,0.235,0.151
8477967,VAN,Thatcher Demko,,0.189,0.129
8482447,VAN,Leevi Meriläinen,g2,0.183,0.232
8478499,VGK,Adin Hill,g2,0.438,0.369
8479394,VGK,Carter Hart,g1,0.312,0.466
8476945,WPG,Connor Hellebuyck,,0.532,0.299
8479973,WPG,Stuart Skinner,g1,0.468,0.531
8483711,WPG,Domenic DiVincentiis,g2,0.05,0.171
8480313,WSH,Logan Thompson,g1,0.617,0.618
8479292,WSH,Charlie Lindgren,g2,0.246,0.273
8483532,WSH,Clay Stevenson,,0.137,0.109
