team,team_name,point_total,source
ANA,Anaheim Ducks,95.5,"gambling911 (BetOnline opening numbers), fetched 2026-09-26"
BOS,Boston Bruins,89.5,"gambling911 (BetOnline opening numbers), fetched 2026-09-26"
BUF,Buffalo Sabres,96.5,"gambling911 (BetOnline opening numbers), fetched 2026-09-26"
CGY,Calgary Flames,77.5,"gambling911 (BetOnline opening numbers), fetched 2026-09-26"
CAR,Carolina Hurricanes,107.5,"gambling911 (BetOnline opening numbers), fetched 2026-09-26"
CHI,Chicago Blackhawks,78.5,"gambling911 (BetOnline opening numbers), fetched 2026-09-26"
COL,Colorado Avalanche,107.5,"gambling911 (BetOnline opening numbers), fetched 2026-09-26"
CBJ,Columbus Blue Jackets,91.5,"gambling911 (BetOnline opening numbers), fetched 2026-09-26"
DAL,Dallas Stars,100.5,"gambling911 (BetOnline opening numbers), fetched 2026-09-26"
DET,Detroit Red Wings,86.5,"gambling911 (BetOnline opening numbers), fetched 2026-09-26"
EDM,Edmonton Oilers,104.5,"gambling911 (BetOnline opening numbers), fetched 2026-09-26"
FLA,Florida Panthers,107.5,"gambling911 (BetOnline opening numbers), fetched 2026-09-26"
LAK,Los Angeles Kings,95.5,"gambling911 (BetOnline opening numbers), fetched 2026-09-26"
MIN,Minnesota Wild,101.5,"gambling911 (BetOnline opening numbers), fetched 2026-09-26"
MTL,Montreal Canadiens,98.5,"gambling911 (BetOnline opening numbers), fetched 2026-09-26"
NSH,Nashville Predators,85.5,"gambling911 (BetOnline opening numbers), fetched 2026-09-26"
NJD,New Jersey Devils,95.5,"gambling911 (BetOnline opening numbers), fetched 2026-09-26"
NYI,New York Islanders,88.5,"gambling911 (BetOnline opening numbers), fetched 2026-09-26"
NYR,New York Rangers,86.5,"gambling911 (BetOnline opening numbers), fetched 2026-09-26"
OTT,Ottawa Senators,94.5,"gambling911 (BetOnline opening numbers), fetched 2026-09-26"
PHI,Philadelphia Flyers,93.5,"gambling911 (BetOnline opening numbers), fetched 2026-09-26"
PIT,Pittsburgh Penguins,91.5,"gambling911 (BetOnline opening numbers), fetched 2026-09-26"
SJS,San Jose Sharks,94.5,"gambling911 (BetOnline opening numbers), fetched 2026-09-26"
SEA,Seattle Kraken,81.5,"gambling911 (BetOnline opening numbers), fetched 2026-09-26"
STL,St. Louis Blues,84.5,"gambling911 (BetOnline opening numbers), fetched 2026-09-26"
TBL,Tampa Bay Lightning,102.5,"gambling911 (BetOnline opening numbers), fetched 2026-09-26"
TOR,Toronto Maple Leafs,95.5,"gambling911 (BetOnline opening numbers), fetched 2026-09-26"
UTA,Utah Mammoth,96.5,"gambling911 (BetOnline opening numbers), fetched 2026-09-26"
VAN,Vancouver Canucks,74.5,"gambling911 (BetOnline opening numbers), fetched 2026-09-26"
VGK,Vegas Golden Knights,103.5,"gambling911 (BetOnline opening numbers), fetched 2026-09-26"
WSH,Washington Capitals,99.5,"gambling911 (BetOnline opening numbers), fetched 2026-09-26"
WIN,Winnipeg Jets,88.5,"gambling911 (BetOnline opening numbers), fetched 2026-09-26"
