,Expected total,Expected finish,1,2,3,4,5,6,7,8,9,10,11,12
M. Bélanger,934.2751,3.7602,0.2536,0.1715,0.1372,0.1068,0.086,0.0723,0.057,0.043,0.0319,0.0222,0.0126,0.0058
F. Fusey,916.5432,4.3646,0.1552,0.1548,0.1458,0.1229,0.1096,0.0869,0.0729,0.057,0.0434,0.0286,0.0162,0.0068
J. Gobeil,907.2764,4.7881,0.1436,0.1374,0.1256,0.1179,0.1016,0.0915,0.0784,0.0637,0.0541,0.0433,0.0284,0.0144
D. Archambault,901.5136,5.0456,0.1296,0.1254,0.1154,0.1142,0.1016,0.0979,0.0843,0.0714,0.0634,0.046,0.0354,0.0155
A. Cordeau,900.3547,5.1031,0.1285,0.122,0.1192,0.1094,0.1004,0.0958,0.0838,0.0738,0.061,0.0533,0.0358,0.0173
P. Fiset,874.6514,6.1588,0.061,0.0803,0.0877,0.099,0.1058,0.1048,0.1046,0.1028,0.0897,0.0776,0.0584,0.0283
P. Allard,868.5382,6.3906,0.0488,0.0758,0.0867,0.0946,0.1044,0.1013,0.1024,0.1004,0.0972,0.083,0.0662,0.039
B. Belanger,852.5326,7.1262,0.028,0.0468,0.0612,0.0782,0.0898,0.1024,0.1084,0.1188,0.1168,0.1102,0.089,0.0503
S. Marcoux,848.653,7.2718,0.0322,0.0464,0.0605,0.0724,0.0821,0.0953,0.1059,0.1076,0.1156,0.116,0.0998,0.0661
L. Girard,830.0255,8.0964,0.0124,0.025,0.0373,0.05,0.0671,0.0806,0.104,0.1248,0.1296,0.142,0.1376,0.0898
M. Gosselin,801.7984,9.1551,0.0062,0.0127,0.0202,0.0283,0.0415,0.0552,0.0717,0.0917,0.1262,0.1584,0.1989,0.1889
D. Giroux,754.7825,10.7396,0.0008,0.0018,0.0032,0.0062,0.0102,0.0162,0.0266,0.0449,0.0712,0.1194,0.2216,0.478
