Manager,Model,ESPN,NHL.com,CBS,HockeyBangers,Consensus,ESPN draft rank,FantasyPros,Model win,Model rank,ESPN rank,NHL.com rank,CBS rank,HockeyBangers rank,Consensus rank,ESPN draft rank rank,FantasyPros rank,Pick slot
M. Bélanger,844.21,840.076,920.601,892.462,837.197,866.582,750.94,802.36,0.456,1,4,4,2,1,1,6,1,2
F. Fusey,812.79,877.0,937.432,888.648,817.345,864.562,786.15,795.98,0.14,2,1,2,3,2,2,5,3,7
J. Gobeil,786.81,851.0,943.475,897.111,812.371,858.153,724.98,771.81,0.074,3,2,1,1,3,3,9,5,6
A. Cordeau,786.19,846.0,904.507,847.378,807.724,834.683,735.39,785.3,0.075,4,3,6,6,4,4,8,4,10
D. Archambault,760.08,823.0,935.916,858.382,779.606,822.819,666.81,796.12,0.084,5,6,3,4,5,5,11,2,1
P. Fiset,743.17,840.0,920.354,840.113,740.263,815.363,789.16,759.85,0.025,9,5,5,7,9,6,4,6,4
P. Allard,756.24,812.0,891.787,847.791,761.905,811.5,790.81,759.78,0.04,6,7,8,5,7,7,3,7,3
S. Marcoux,753.06,805.579,885.114,823.909,756.183,803.441,718.28,739.42,0.035,8,8,9,8,8,8,10,9,11
B. Belanger,754.77,736.472,895.878,806.334,763.034,789.908,657.38,748.15,0.051,7,12,7,9,6,9,12,8,9
L. Girard,719.09,768.0,832.549,771.601,734.437,760.682,738.04,697.33,0.013,10,9,10,10,10,10,7,11,5
M. Gosselin,693.61,754.0,818.685,733.11,695.69,735.667,803.45,709.51,0.007,11,10,11,11,11,11,2,10,8
D. Giroux,656.31,738.0,782.065,718.676,649.47,705.012,815.49,688.36,0.0,12,11,12,12,12,12,1,12,12
