manager,pick,name,team,pos,k,playerId,proj_FP,espn_fp,espn_rank,espn_rank_pts,fp_rank,fp_rank_pts,proj_GP,source,nhl_fp,cbs_fp,hb_fp,proj_FP_f,espn_fp_f,nhl_fp_f,cbs_fp_f,hb_fp_f,consensus,overall
D. Archambault,1.1,Connor McDavid,EDM,F,connor mcdavid,8478402,140.58,140.0,2.0,123.58,1.0,140.58,80.36,model,143.17809258215988,153.17146997104848,139.4735121892172,140.58,140.0,143.17809258215988,153.17146997104848,139.4735121892172,143.28061494848512,1
D. Archambault,2.12,Mikko Rantanen,DAL,F,mikko rantanen,8478420,86.24,84.0,76.0,63.26,17.0,89.21,70.03,model,102.22619114439475,98.51179355844504,79.79921989186977,86.24,84.0,102.22619114439475,98.51179355844504,79.79921989186977,90.15544091894192,24
D. Archambault,3.1,Mitch Marner,VGK,F,mitch marner,8478483,85.43,87.0,63.0,66.03,35.0,78.61,75.42,model,93.84308454837974,101.49485937513508,92.97979273535368,85.43,87.0,93.84308454837974,101.49485937513508,92.97979273535368,92.1495473317737,25
D. Archambault,4.12,Victor Hedman,TB,D,victor hedman,8475167,41.59,61.0,182.0,40.06,106.0,63.64,54.31,model,66.39912917271407,53.18781156386473,39.443232299313294,41.59,61.0,66.39912917271407,53.18781156386473,39.443232299313294,52.32403460717842,48
D. Archambault,5.1,Aleksander Barkov,FLA,F,aleksander barkov,8477493,51.53,71.0,80.0,61.58,,34.55,47.42,model,87.648245705837,57.38341809640593,53.20337849855751,51.53,71.0,87.648245705837,57.38341809640593,53.20337849855751,64.1530084601601,49
D. Archambault,6.12,Shea Theodore,VGK,D,shea theodore,8477447,54.13,55.0,260.0,36.81,124.0,55.98,69.19,model,69.35341726618705,68.51958021810375,57.84515577710521,54.13,55.0,69.35341726618705,68.51958021810375,57.84515577710521,60.96963065227921,72
D. Archambault,7.1,Jackson LaCombe,ANA,D,jackson lacombe,8481605,61.34,62.0,127.0,53.05,95.0,65.7,74.23,model,80.74002834581898,67.88472094413848,67.89505901249258,61.34,62.0,80.74002834581898,67.88472094413848,67.89505901249258,67.97196166049001,73
D. Archambault,8.12,Will Smith,SJ,F,will smith,8484227,65.95,59.0,214.0,45.61,73.0,64.47,69.76,model,80.11998812247981,70.35212565248288,70.0694219269904,65.95,59.0,80.11998812247981,70.35212565248288,70.0694219269904,69.09830714039062,96
D. Archambault,9.1,Jesper Wallstedt,MIN,G,jesper wallstedt,8482661,57.51,61.0,147.0,57.53,100.0,63.04,40.34,model,,48.49844843049328,,57.51,61.0,55.669482810164425,48.49844843049328,55.669482810164425,55.669482810164425,97
D. Archambault,10.12,Roope Hintz,DAL,F,roope hintz,8478449,60.42,65.0,125.0,56.34,54.0,68.4,64.17,model,84.05294977022619,59.05800899496681,58.86804103390273,60.42,65.0,84.05294977022619,59.05800899496681,58.86804103390273,65.47979995981915,120
D. Archambault,11.1,Seth Jones,FLA,D,seth jones,8477495,45.41,45.0,263.0,36.05,184.0,43.19,62.27,model,65.90343287747697,57.20074876232488,45.152835219978996,45.41,45.0,65.90343287747697,57.20074876232488,45.152835219978996,51.73340337195617,121
D. Archambault,12.12,Dylan Larkin,DET,F,dylan larkin,8477946,60.21,71.0,46.0,72.52,80.0,63.3,61.41,model,,66.41776975787523,59.234775002834795,60.21,71.0,64.2156361901775,66.41776975787523,59.234775002834795,64.2156361901775,144
D. Archambault,13.1,Sergei Bobrovsky,TOR,G,sergei bobrovsky,8475683,57.56,82.0,165.0,53.47,101.0,62.84,44.2,model,,47.79290419161677,,57.56,82.0,62.45096806387226,47.79290419161677,62.45096806387226,62.45096806387225,145
D. Archambault,14.12,Jamie Drysdale,PHI,D,jamie drysdale,8482142,38.87,,,31.04,,32.36,70.66,model,49.22266666666666,39.73580678180504,39.96840891768292,38.87,41.949220591538655,49.22266666666666,39.73580678180504,39.96840891768292,41.94922059153866,168
D. Archambault,15.1,Dylan Strome,WSH,F,dylan strome,8478440,61.43,65.0,143.0,53.47,113.0,56.79,72.85,model,71.71844391585742,73.14255928786731,64.73711331051405,61.43,65.0,71.71844391585742,73.14255928786731,64.73711331051405,67.20562330284777,169
D. Archambault,16.12,Simon Nemec,CGY,D,simon nemec,8483495,37.88,,,31.04,261.0,36.83,67.26,model,54.978229317851955,,38.18852363479388,37.88,43.68225098421528,54.978229317851955,43.68225098421528,38.18852363479388,43.68225098421528,192
M. Bélanger,1.2,Nathan MacKinnon,COL,F,nathan mackinnon,8477492,123.58,133.0,1.0,140.58,2.0,123.58,77.59,model,139.34048136930684,144.9107432051,129.46779186644235,123.58,133.0,139.34048136930684,144.9107432051,129.46779186644235,134.05980328816983,2
M. Bélanger,2.11,Adam Fox,NYR,D,adam fox,8479323,76.07,76.0,132.0,50.76,59.0,76.07,67.72,model,89.40883100381194,76.63103616125596,73.20730691938316,76.07,76.0,89.40883100381194,76.63103616125596,73.20730691938316,78.26343481689021,23
M. Bélanger,3.2,Jack Hughes,NJ,F,jack hughes,8481559,92.96,79.0,52.0,70.91,15.0,91.82,70.05,model,88.84327201322603,95.77724366755167,97.51677477080796,92.96,79.0,88.84327201322603,95.77724366755167,97.51677477080796,90.81945809031711,26
M. Bélanger,4.11,Roman Josi,NSH,D,roman josi,8474600,67.82,77.0,43.0,76.07,66.0,72.2,67.98,model,92.21983002832862,82.08352526289904,67.5780683306444,67.82,77.0,92.21983002832862,82.08352526289904,67.5780683306444,77.34028472437441,47
M. Bélanger,5.2,Jakub Dobes,MTL,G,jakub dobes,8482487,63.79,61.076219512195124,140.0,58.9,105.0,60.59,45.1,model,,53.364962630792235,,63.79,61.076219512195124,59.41039404766246,53.364962630792235,59.41039404766246,59.41039404766245,50
M. Bélanger,6.11,Jake Sanderson,OTT,D,jake sanderson,8482105,69.72,71.0,91.0,65.7,61.0,72.88,70.45,model,82.54644808743168,72.77494325220258,66.99738079884688,69.72,71.0,82.54644808743168,72.77494325220258,66.99738079884688,72.60775442769622,71
M. Bélanger,7.2,Lucas Raymond,DET,F,lucas raymond,8482078,79.86,79.0,96.0,59.73,60.0,66.83,74.71,model,81.43013017366296,81.73973279894787,76.03384319101232,79.86,79.0,81.43013017366296,81.73973279894787,76.03384319101232,79.61274123272464,74
M. Bélanger,8.11,Connor Bedard,CHI,F,connor bedard,8484144,75.82,71.0,105.0,57.52,67.0,65.95,62.15,model,,73.85935356774299,72.372229126954,75.82,71.0,73.26289567367424,73.85935356774299,72.372229126954,73.26289567367424,95
M. Bélanger,9.2,Nico Hischier,NJ,F,nico hischier,8480002,68.68,71.0,49.0,71.3,82.0,62.01,74.1,model,72.6835618566858,75.77576787573965,72.96749900013016,68.68,71.0,72.6835618566858,75.77576787573965,72.96749900013016,72.22136574651111,98
M. Bélanger,10.11,Thomas Harley,DAL,D,tom harley,8481581,55.0,51.0,187.0,39.98,156.0,49.11,70.08,model,62.503131524008346,52.186404546546065,54.06250196695515,55.0,51.0,62.503131524008346,52.186404546546065,54.06250196695515,54.950407607501916,119
M. Bélanger,11.2,Mark Stone,VGK,F,mark stone,8475913,70.91,71.0,139.0,53.88,90.0,60.42,65.56,model,78.95163998939091,82.06926241844072,67.23428124700244,70.91,71.0,78.95163998939091,82.06926241844072,67.23428124700244,74.03303673096681,122
M. Bélanger,12.11,Travis Konecny,PHI,F,travis konecny,8478439,66.53,69.0,98.0,59.49,94.0,60.07,72.35,model,72.58464405289914,75.14849367585843,67.58347555409838,66.53,69.0,72.58464405289914,75.14849367585843,67.58347555409838,70.1693226565712,143
M. Bélanger,13.2,Devon Toews,COL,D,devon toews,8478038,36.81,43.0,242.0,37.84,251.0,37.88,66.43,model,43.00500834724541,44.77102398133976,39.866169296987096,36.81,43.0,43.00500834724541,44.77102398133976,39.866169296987096,41.49044032511445,146
M. Bélanger,14.11,Denton Mateychuk,CBJ,D,denton mateychuk,8483485,39.95,,,31.04,303.0,33.74,69.8,model,51.45473537604457,44.05571357654165,38.79947042589692,39.95,43.56497984462078,51.45473537604457,44.05571357654165,38.79947042589692,43.56497984462079,167
M. Bélanger,15.2,Joel Eriksson Ek,MIN,F,joel eriksson ek,8478493,56.51,51.0,138.0,53.95,88.0,61.32,69.12,model,64.98991467503475,62.272855570369174,50.064243589224596,56.51,51.0,64.98991467503475,62.272855570369174,50.064243589224596,56.9674027669257,170
M. Bélanger,16.11,Tristan Jarry,EDM,G,tristan jarry,8477465,60.59,53.0,249.0,40.63,306.0,30.22,39.28,model,,51.28686524822695,,60.59,53.0,54.958955082742314,51.28686524822695,54.958955082742314,54.95895508274232,191
P. Allard,1.3,Nikita Kucherov,TB,F,nikita kucherov,8476453,120.49,132.0,3.0,120.49,3.0,120.49,75.49,model,132.42862214471597,139.38175967158134,124.49427077198024,120.49,132.0,132.42862214471597,139.38175967158134,124.49427077198024,129.75893051765553,3
P. Allard,2.10,Matthew Schaefer,NYI,D,matt schaefer,8485366,85.77,85.0,37.0,85.77,69.0,69.72,76.61,model,101.79228486646883,92.5152578040099,81.42818545474748,85.77,85.0,101.79228486646883,92.5152578040099,81.42818545474748,89.30114562504522,22
P. Allard,3.3,Tage Thompson,BUF,F,tage thompson,8479420,76.5,79.0,19.0,85.43,26.0,83.01,74.19,model,91.03838014035456,89.62158246317809,81.39560228152506,76.5,79.0,91.03838014035456,89.62158246317809,81.39560228152506,83.51111297701154,27
P. Allard,4.10,Jacob Markstrom,FLA,G,jake markstrom,8474593,60.46,56.0,212.0,42.05,57.0,64.46,43.79,model,,56.09571001494768,,60.46,56.0,57.518570004982564,56.09571001494768,57.518570004982564,57.518570004982564,46
P. Allard,5.3,John Carlson,TB,D,john carlson,8474590,56.7,77.0,65.0,67.82,128.0,55.6,67.38,model,80.57158469945355,70.94451684222484,63.028154925595615,56.7,77.0,80.57158469945355,70.94451684222484,63.028154925595615,69.6488512934548,51
P. Allard,6.10,Tim Stutzle,OTT,F,tim stutzle,8482116,83.01,78.0,41.0,73.46,39.0,76.6,75.05,model,,89.46558027138495,80.31932046634726,83.01,78.0,82.69872518443306,89.46558027138495,80.31932046634726,82.69872518443306,70
P. Allard,7.3,Adrian Kempe,LA,F,adrian kempe,8477960,71.3,73.0,35.0,76.63,41.0,76.5,73.72,model,86.60967340103852,78.97622495036495,73.94153012074345,71.3,73.0,86.60967340103852,78.97622495036495,73.94153012074345,76.76548569442939,75
P. Allard,8.10,Steven Stamkos,NSH,F,steven stamkos,8474564,55.83,69.0,39.0,76.5,96.0,59.73,69.77,model,77.55781168784492,71.31048652396188,56.778548963980576,55.83,69.0,77.55781168784492,71.31048652396188,56.778548963980576,66.09536943515748,94
P. Allard,9.3,Jacob Trouba,SJ,D,jake trouba,8476885,32.07,40.0,126.0,54.13,260.0,36.9,69.79,model,42.95864513588027,,28.829472519211492,32.07,40.0,42.95864513588027,35.96452941377294,28.829472519211492,35.96452941377294,99
P. Allard,10.10,Brandon Montour,SEA,D,brandon montour,8477986,44.4,46.0,179.0,41.7,154.0,49.64,65.58,model,66.99182903834065,49.8334042358719,46.52232579995525,44.4,46.0,66.99182903834065,49.8334042358719,46.52232579995525,50.74951181483356,118
P. Allard,11.3,Seth Jarvis,CAR,F,seth jarvis,8482093,63.94,68.0,60.0,66.83,221.0,44.09,61.28,model,,67.54936733063239,57.33586562608592,63.94,68.0,64.20630823917958,67.54936733063239,57.33586562608592,64.20630823917958,123
P. Allard,12.10,Vincent Trocheck,UTA,F,vincent trocheck,8476389,54.73,66.0,61.0,66.79,116.0,56.5,66.71,model,62.420457339340366,68.1417185705043,49.73467762802596,54.73,66.0,62.420457339340366,68.1417185705043,49.73467762802596,60.205370707574126,142
P. Allard,13.3,Zeev Buium,VAN,D,zeev buium,8484798,33.86,,,31.04,187.0,42.6,69.61,model,41.1891592920354,31.747505936842806,39.14287709958318,33.86,36.484885582115346,41.1891592920354,31.747505936842806,39.14287709958318,36.48488558211535,147
P. Allard,14.10,Vladislav Gavrikov,NYR,D,vladislav gavrikov,8478882,37.84,49.0,246.0,36.9,,32.36,71.44,model,43.07648523657062,41.383247171362726,34.93020287212218,37.84,49.0,43.07648523657062,41.383247171362726,34.93020287212218,41.2459870560111,166
P. Allard,15.3,Pyotr Kochetkov,CAR,G,pyotr kochetkov,8481611,29.69,,,28.32,223.0,43.59,19.68,model,,25.67386301369863,,29.69,27.681931506849317,27.681931506849317,25.67386301369863,27.681931506849317,27.681931506849317,171
P. Allard,16.10,Tom Wilson,WSH,F,tom wilson,8476880,55.8,62.0,104.0,58.51,87.0,61.43,68.37,model,71.503220607842,68.26294092322574,52.88361004591662,55.8,62.0,71.503220607842,68.26294092322574,52.88361004591662,62.08995431539687,190
P. Fiset,1.4,Macklin Celebrini,SJ,F,macklin celebrini,8484801,115.53,108.0,4.0,115.53,4.0,115.53,78.25,model,130.73750501499785,124.65936738738954,109.84412214582015,115.53,108.0,130.73750501499785,124.65936738738954,109.84412214582015,117.75419890964149,4
P. Fiset,2.9,Jake Oettinger,DAL,G,jake oettinger,8479979,59.26,89.0,53.0,72.69,46.0,65.86,40.92,model,,49.397596412556055,,59.26,89.0,65.88586547085201,49.397596412556055,65.88586547085201,65.88586547085202,21
P. Fiset,3.4,Cole Caufield,MTL,F,cole caufield,8481540,77.99,84.0,11.0,92.12,22.0,85.43,74.26,model,100.8045658590189,89.50308773902267,77.84025644017503,77.99,84.0,100.8045658590189,89.50308773902267,77.84025644017503,86.02758200764333,28
P. Fiset,4.9,Jakob Chychrun,WSH,D,jakob chychrun,8479345,72.2,81.0,45.0,72.88,55.0,85.4,74.48,model,91.05045045045046,87.0518941782783,69.76619387116949,72.2,81.0,91.05045045045046,87.0518941782783,69.76619387116949,80.21370769997965,45
P. Fiset,5.4,Alex DeBrincat,DET,F,alex debrincat,8479337,76.63,84.0,14.0,89.21,38.0,76.63,74.64,model,85.82398825536137,85.73634074930288,76.0367218142522,76.63,84.0,85.82398825536137,85.73634074930288,76.0367218142522,81.64541016378328,52
P. Fiset,6.9,Shayne Gostisbehere,CAR,D,shayne gostisbehere,8476906,55.6,70.0,178.0,42.52,168.0,45.41,63.89,model,64.57615006699419,72.0467262456672,57.55316249001984,55.6,70.0,64.57615006699419,72.0467262456672,57.55316249001984,63.95520776053623,69
P. Fiset,7.4,Sidney Crosby,PIT,F,sidney crosby,8471675,68.34,82.0,66.0,65.88,45.0,73.0,65.78,model,96.75211295582741,87.8169301786313,73.67793339962724,68.34,82.0,96.75211295582741,87.8169301786313,73.67793339962724,81.7173953068172,76
P. Fiset,8.9,Rasmus Andersson,VGK,D,rasmus andersson,8478397,50.29,61.0,82.0,67.61,190.0,42.52,72.57,model,67.14963205233035,48.94788164710637,47.85261432269197,50.29,61.0,67.14963205233035,48.94788164710637,47.85261432269197,55.048025604425746,93
P. Fiset,9.4,Drake Batherson,OTT,F,drake batherson,8480208,65.63,67.0,68.0,65.46,63.0,66.79,72.71,model,82.82213836593894,78.01431953218442,66.10696340370707,65.63,67.0,82.82213836593894,78.01431953218442,66.10696340370707,71.91468426036609,100
P. Fiset,10.9,Brock Nelson,COL,F,brock nelson,8475754,56.39,66.0,73.0,63.94,123.0,56.08,70.35,model,71.75032178927559,68.30495675342706,51.93256544055203,56.39,66.0,71.75032178927559,68.30495675342706,51.93256544055203,62.87556879665094,117
P. Fiset,11.4,Mattias Samuelsson,BUF,D,mattias samuelsson,8480807,34.46,47.0,233.0,38.06,224.0,39.34,60.59,model,56.903993855606764,41.32684720943928,28.0265999197029,34.46,47.0,56.903993855606764,41.32684720943928,28.0265999197029,41.54348819694979,124
P. Fiset,12.9,Travis Sanheim,PHI,D,travis sanheim,8477948,43.19,48.0,194.0,39.96,305.0,33.21,71.78,model,57.44740024183797,48.370016278793436,36.9692181757434,43.19,48.0,57.44740024183797,48.370016278793436,36.9692181757434,46.79532693927496,141
P. Fiset,13.4,Mackenzie Blackwood,COL,G,mackenzie blackwood,8478406,39.54,58.0,119.0,60.46,117.0,60.46,28.37,model,,38.28041704035874,,39.54,58.0,45.27347234678624,38.28041704035874,45.27347234678624,45.27347234678624,148
P. Fiset,14.9,Bo Horvat,NYI,F,bo horvat,8477500,58.51,59.0,69.0,65.3,78.0,63.94,67.8,model,77.30387350349015,68.56845502956064,58.64384855459659,58.51,59.0,77.30387350349015,68.56845502956064,58.64384855459659,64.40523541752948,165
P. Fiset,15.4,Dmitry Orlov,SJ,D,dmitry orlov,8475200,34.51,41.0,293.0,33.86,,32.36,69.49,model,42.87479019805304,34.67006636542841,37.055451189984055,34.51,41.0,42.87479019805304,34.67006636542841,37.055451189984055,38.0220615506931,172
P. Fiset,16.9,Dylan Cozens,OTT,F,dylan cozens,8481528,56.5,59.0,70.0,64.47,134.0,53.61,72.87,model,65.59336786381263,59.3297820146736,54.023655105441875,56.5,59.0,65.59336786381263,59.3297820146736,54.023655105441875,58.889360996785626,189
L. Girard,1.5,Martin Necas,COL,F,martin necas,8480039,91.82,97.0,31.0,78.91,12.0,92.37,74.88,model,105.68792233349711,98.44858129300071,97.69548511091257,91.82,97.0,105.68792233349711,98.44858129300071,97.69548511091257,98.13039774748208,5
L. Girard,2.8,Darren Raddysh,TOR,D,darren raddysh,8478178,72.88,82.0,92.0,64.75,103.0,64.75,72.17,model,85.74117647058823,66.98985178934494,71.30187698472076,72.88,82.0,85.74117647058823,66.98985178934494,71.30187698472076,75.78258104893078,20
L. Girard,3.5,Scott Wedgewood,COL,G,scott wedgewood,8475809,65.86,71.0,50.0,76.84,102.0,61.82,40.67,model,,54.50522831050228,,65.86,71.0,63.788409436834094,54.50522831050228,63.788409436834094,63.788409436834094,29
L. Girard,4.8,Filip Forsberg,NSH,F,filip forsberg,8476887,72.52,81.0,10.0,92.37,43.0,73.46,73.24,model,87.51065981780516,88.91447316007006,72.70152419679272,72.52,81.0,87.51065981780516,88.91447316007006,72.70152419679272,80.5293314349336,44
L. Girard,5.5,Cutter Gauthier,ANA,F,cutter gauthier,8483445,68.4,63.0,36.0,76.6,40.0,76.51,71.85,model,88.97571639601261,78.55568239960392,74.00013219067726,68.4,63.0,88.97571639601261,78.55568239960392,74.00013219067726,74.58630619725876,53
L. Girard,6.8,Josh Morrissey,WPG,D,josh morrissey,8477504,64.75,73.0,100.0,61.34,120.0,56.34,72.42,model,73.23825953613188,71.23446994913836,67.18359452903921,64.75,73.0,73.23825953613188,71.23446994913836,67.18359452903921,69.88126480286189,68
L. Girard,7.5,Zach Hyman,EDM,F,zach hyman,8475786,56.23,74.0,30.0,79.34,68.0,65.88,63.37,model,76.00597093761574,64.73025497767132,57.815516669800985,56.23,74.0,76.00597093761574,64.73025497767132,57.815516669800985,65.75634851701761,77
L. Girard,8.8,Andrei Svechnikov,CAR,F,andrei svechnikov,8480830,65.3,64.0,84.0,61.32,93.0,60.21,72.73,model,77.14472068421712,73.19299591639135,66.08787633086139,65.3,64.0,77.14472068421712,73.19299591639135,66.08787633086139,69.14511858629398,92
L. Girard,9.5,Matthew Knies,TOR,F,matt knies,8482720,65.88,63.0,169.0,51.04,86.0,61.47,73.02,model,70.29231215886365,61.737840160289835,65.12537770388627,65.88,63.0,70.29231215886365,61.737840160289835,65.12537770388627,65.20710600460794,101
L. Girard,10.8,Justin Faulk,DET,D,justin faulk,8475753,39.34,52.0,166.0,45.57,227.0,38.95,68.8,model,49.57014925373134,52.99990074441687,38.04172288531396,39.34,52.0,49.57014925373134,52.99990074441687,38.04172288531396,46.39035457669243,116
L. Girard,11.5,Luke Hughes,NJ,D,luke hughes,8482684,50.76,45.0,277.0,34.51,166.0,45.57,69.12,model,54.59369024856596,49.483022738852306,57.58858982295407,50.76,45.0,54.59369024856596,49.483022738852306,57.58858982295407,51.485060562074466,125
L. Girard,12.8,Jared McCann,SEA,F,jared mccann,8477955,49.75,60.0,131.0,56.23,202.0,45.68,62.6,model,66.94179022347707,56.8237960618435,52.23870485220906,49.75,60.0,66.94179022347707,56.8237960618435,52.23870485220906,57.150858227505935,140
L. Girard,13.5,John Gibson,DET,G,john gibson,8476434,57.53,64.0,117.0,61.82,208.0,52.68,49.04,model,,51.195121076233185,,57.53,64.0,57.575040358744396,51.195121076233185,57.575040358744396,57.5750403587444,149
L. Girard,14.8,Mattias Ekholm,EDM,D,mattias ekholm,8475218,38.95,47.0,217.0,39.34,308.0,33.09,69.44,model,49.17929292929293,48.14440582503097,37.38107629268292,38.95,47.0,49.17929292929293,48.14440582503097,37.38107629268292,44.13095500940136,164
L. Girard,15.5,Bryan Rust,PIT,F,bryan rust,8475810,61.58,64.0,78.0,61.66,107.0,57.52,68.43,model,65.89943340617285,72.54687494845341,60.922853659079564,61.58,64.0,65.89943340617285,72.54687494845341,60.922853659079564,64.98983240274117,173
L. Girard,16.8,Hampus Lindholm,BOS,D,hampus lindholm,8476854,29.03,,,31.04,,32.36,65.09,model,36.69755686604886,33.8296972991699,27.654287962234463,29.03,31.80288553186331,36.69755686604886,33.8296972991699,27.654287962234463,31.802885531863307,188
J. Gobeil,1.6,Leon Draisaitl,EDM,F,leon draisaitl,8477934,103.14,108.0,13.0,91.7,7.0,98.11,71.47,model,126.3999703772401,123.74659398500336,110.3700732028258,103.14,108.0,126.3999703772401,123.74659398500336,110.3700732028258,114.33132751301385,6
J. Gobeil,2.7,Rasmus Dahlin,BUF,D,rasmus dahlin,8480839,85.4,89.0,48.0,72.2,37.0,85.77,75.02,model,97.32224247948953,102.81749845397583,88.69408234583526,85.4,89.0,97.32224247948953,102.81749845397583,88.69408234583526,92.64676465586012,19
J. Gobeil,3.6,Kyle Connor,WPG,F,kyle connor,8478398,88.87,91.0,17.0,88.87,25.0,83.29,75.7,model,100.86339791694084,95.91350538739862,89.91072692676275,88.87,91.0,100.86339791694084,95.91350538739862,89.91072692676275,93.31152604622044,30
J. Gobeil,4.7,Mark Scheifele,WPG,F,mark scheifele,8476460,84.13,99.0,40.0,75.82,28.0,81.93,73.88,model,98.22071025292932,94.94366227529106,86.91335804936216,84.13,99.0,98.22071025292932,94.94366227529106,86.91335804936216,92.6415461155165,43
J. Gobeil,5.6,Sam Reinhart,FLA,F,sam reinhart,8477933,76.51,74.0,44.0,73.0,31.0,79.86,68.67,model,92.1593631648486,89.75106588833755,71.28085791659151,76.51,74.0,92.1593631648486,89.75106588833755,71.28085791659151,80.74025739395553,54
J. Gobeil,6.7,Brayden Point,TB,F,brayden point,8478010,65.46,73.0,101.0,58.69,48.0,72.52,67.49,model,92.36045792202165,69.40049179703085,67.74000847310263,65.46,73.0,92.36045792202165,69.40049179703085,67.74000847310263,73.59219163843103,67
J. Gobeil,7.6,Erik Karlsson,PIT,D,erik karlsson,8474578,61.81,76.0,103.0,56.7,111.0,61.34,69.4,model,86.82921934577563,76.48238472135672,67.8410357629588,61.81,76.0,86.82921934577563,76.48238472135672,67.8410357629588,73.79252796601823,78
J. Gobeil,8.7,Jeremy Swayman,BOS,G,jeremy swayman,8480280,63.04,69.0,97.0,63.13,62.0,63.79,52.32,model,,60.41080239520958,,63.04,69.0,64.15026746506986,60.41080239520958,64.15026746506986,64.15026746506986,91
J. Gobeil,9.6,Vince Dunn,SEA,D,vince dunn,8478407,54.31,56.0,170.0,45.41,159.0,47.5,73.25,model,58.73030801786974,61.96635401960033,56.291465209794396,54.31,56.0,58.73030801786974,61.96635401960033,56.291465209794396,57.45962544945289,102
J. Gobeil,10.7,Mathew Barzal,NYI,F,mathew barzal,8478445,60.36,66.0,145.0,53.38,115.0,56.51,64.09,model,,68.54938797606225,63.22776396427133,60.36,66.0,64.5342879850834,68.54938797606225,63.22776396427133,64.5342879850834,115
J. Gobeil,11.6,Oliver Ekman-Larsson,TOR,D,oliver ekman-larsson,8475171,33.82,40.0,313.0,33.74,,32.36,68.2,model,36.92139737991267,42.13994157619029,34.820612837897336,33.82,40.0,36.92139737991267,42.13994157619029,34.820612837897336,37.54039035880005,126
J. Gobeil,12.7,Nikolaj Ehlers,CAR,F,nikolaj ehlers,8477940,64.08,72.0,85.0,60.59,84.0,61.65,73.17,model,77.37023232289164,77.65060748924492,66.88097399636668,64.08,72.0,77.37023232289164,77.65060748924492,66.88097399636668,71.59636276170065,139
J. Gobeil,13.6,K'Andre Miller,CAR,D,kandre miller,8480817,40.06,44.0,268.0,36.05,277.0,36.05,68.97,model,49.06846733668342,44.02823148114637,42.298199735404864,40.06,44.0,49.06846733668342,44.02823148114637,42.298199735404864,43.89097971064693,150
J. Gobeil,14.7,Evgeni Malkin,PIT,F,evgeni malkin,8471215,52.56,69.0,161.0,51.82,135.0,53.47,60.14,model,73.09976405257508,67.15708731765541,52.67633579620844,52.56,69.0,73.09976405257508,67.15708731765541,52.67633579620844,62.89863743328779,163
J. Gobeil,15.6,Kris Letang,PIT,D,kris letang,8471724,33.18,43.0,225.0,38.87,295.0,34.14,65.09,model,47.758186397984886,42.75210350811555,32.48550895701677,33.18,43.0,47.758186397984886,42.75210350811555,32.48550895701677,39.83515977262344,174
J. Gobeil,16.7,Sam Montembeault,MTL,G,sam montembeault,8478470,17.35,,,28.32,282.0,30.79,13.45,model,,,,17.35,17.35,17.35,17.35,17.35,17.35,187
F. Fusey,1.7,Cale Makar,COL,D,cale makar,8480069,106.87,104.0,15.0,100.28,8.0,106.87,76.54,model,112.6719583131362,117.04767150723508,109.66915487920254,106.87,104.0,112.6719583131362,117.04767150723508,109.66915487920254,110.05175693991475,7
F. Fusey,2.6,Evan Bouchard,EDM,D,evan bouchard,8480803,100.28,109.0,16.0,99.5,19.0,95.54,78.0,model,106.9189189189189,117.56096720383073,97.75796261222838,100.28,109.0,106.9189189189189,117.56096720383073,97.75796261222838,106.30356974699562,18
F. Fusey,3.7,Wyatt Johnston,DAL,F,wyatt johnston,8482740,92.12,85.0,26.0,81.93,24.0,84.13,76.04,model,105.89004551266125,87.2450280549787,85.07299752151104,92.12,85.0,105.89004551266125,87.2450280549787,85.07299752151104,91.06561421783019,31
F. Fusey,4.6,Karel Vejmelka,UTA,G,karel vejmelka,8478872,76.84,79.0,72.0,65.86,92.0,63.13,55.43,model,,66.97238473053892,,76.84,79.0,74.27079491017965,66.97238473053892,74.27079491017965,74.27079491017965,42
F. Fusey,5.7,Artemi Panarin,LA,F,artemi panarin,8478550,79.88,95.0,29.0,79.86,33.0,79.34,71.88,model,94.82651779287251,88.39933776834893,83.7961980302936,79.88,95.0,94.82651779287251,88.39933776834893,83.7961980302936,88.38041071830301,55
F. Fusey,6.6,Sebastian Aho,CAR,F,sebastian aho,8478427,78.61,81.0,56.0,68.68,58.0,66.84,74.14,model,85.89026515955226,90.24562338918057,80.74211120892923,78.61,81.0,85.89026515955226,90.24562338918057,80.74211120892923,83.29759995153242,66
F. Fusey,7.7,Brock Faber,MIN,D,brock faber,8482122,47.5,62.0,99.0,61.81,108.0,61.81,62.87,model,74.69453642384106,57.80003150190511,48.58788448861619,47.5,62.0,74.69453642384106,57.80003150190511,48.58788448861619,58.116490482872464,79
F. Fusey,8.6,Kirill Marchenko,CBJ,F,kirill marchenko,8480893,66.03,68.0,59.0,66.84,51.0,70.91,71.88,model,79.24296311139774,68.91429178859158,66.53472114216471,66.03,68.0,79.24296311139774,68.91429178859158,66.53472114216471,69.7443952084308,90
F. Fusey,9.7,Nick Schmaltz,UTA,F,nick schmaltz,8477951,64.47,72.0,71.0,64.08,91.0,60.36,73.28,model,73.63145769428495,77.30163865468884,64.54355891216665,64.47,72.0,73.63145769428495,77.30163865468884,64.54355891216665,70.38933105222809,103
F. Fusey,10.6,Ryan O'Reilly,NSH,F,ryan oreilly,8475158,58.51,71.0,106.0,57.33,140.0,52.65,70.39,model,73.45613538542625,72.1690257439799,58.2806001148897,58.51,71.0,73.45613538542625,72.1690257439799,58.2806001148897,66.68315224885916,114
F. Fusey,11.7,Zayne Parekh,CGY,D,zayne parekh,8484768,29.8,,,31.04,199.0,41.59,56.69,model,49.944949736716126,26.175466332522564,32.88253692889041,29.8,34.70073824953227,49.944949736716126,26.175466332522564,32.88253692889041,34.70073824953228,127
F. Fusey,12.6,Porter Martone,PHI,F,porter martone,8485406,48.87,,,32.05,114.0,56.55,50.17,model,73.78126105396781,47.79207868790564,42.83265416945859,48.87,53.318998477833006,73.78126105396781,47.79207868790564,42.83265416945859,53.318998477833006,138
F. Fusey,13.7,John Tavares,TOR,F,john tavares,8475166,61.47,72.0,77.0,62.01,71.0,65.46,70.8,model,75.58835018915997,72.60341734061818,65.88521090310418,61.47,72.0,75.58835018915997,72.60341734061818,65.88521090310418,69.50939568657647,151
F. Fusey,14.6,Juuse Saros,NSH,G,juuse saros,8477424,60.29,63.0,150.0,57.51,141.0,60.29,51.91,model,,55.40170403587443,,60.29,63.0,59.56390134529147,55.40170403587443,59.56390134529147,59.56390134529147,162
F. Fusey,15.7,Sam Malinski,COL,D,sam malinski,8484258,38.72,43.0,274.0,35.3,287.0,35.21,71.84,model,53.65646148888173,41.30252280568973,40.48410106616036,38.72,43.0,53.65646148888173,41.30252280568973,40.48410106616036,43.432617072146364,175
F. Fusey,16.6,Cam Fowler,STL,D,cam fowler,8475764,31.66,47.0,289.0,34.14,,32.36,69.18,model,40.16567164179105,40.70457099919618,29.278515973892137,31.66,47.0,40.16567164179105,40.70457099919618,29.278515973892137,37.76175172297587,186
M. Gosselin,1.8,David Pastrnak,BOS,F,david pastrnak,8477956,100.3,101.0,6.0,100.3,6.0,100.3,75.28,model,108.04377094483074,117.50332763058128,100.24967306159482,100.3,101.0,108.04377094483074,117.50332763058128,100.24967306159482,105.41935432740138,8
M. Gosselin,2.5,Auston Matthews,TOR,F,auston matthews,8479318,79.34,77.0,8.0,92.96,18.0,88.87,68.23,model,94.80678001491239,82.48089238996027,85.67368014707071,79.34,77.0,94.80678001491239,82.48089238996027,85.67368014707071,83.86027051038869,17
M. Gosselin,3.8,Juraj Slafkovsky,MTL,F,juraj slafkovsky,8483515,71.71,71.0,57.0,68.4,52.0,70.5,74.45,model,79.94675627543698,70.16380321402038,69.27776654902772,71.71,71.0,79.94675627543698,70.16380321402038,69.27776654902772,72.41966520769702,32
M. Gosselin,4.5,Noah Dobson,MTL,D,noah dobson,8480865,55.98,66.0,32.0,85.95,138.0,53.05,73.14,model,68.55409617097061,61.59062100867919,52.18097786347474,55.98,66.0,68.55409617097061,61.59062100867919,52.18097786347474,60.8611390086249,41
M. Gosselin,5.8,Brady Tkachuk,FLA,F,brady tkachuk,8480801,57.52,75.0,12.0,91.82,20.0,86.24,56.85,model,94.68375329210778,63.22466388023801,58.08852124748456,57.52,75.0,94.68375329210778,63.22466388023801,58.08852124748456,69.70338768396607,56
M. Gosselin,6.5,Mika Zibanejad,NYR,F,mika zibanejad,8476459,66.79,80.0,28.0,79.88,75.0,64.08,71.98,model,84.12903018227024,73.42269484520573,66.83179687637147,66.79,80.0,84.12903018227024,73.42269484520573,66.83179687637147,74.2347043807695,65
M. Gosselin,7.8,Igor Shesterkin,NYR,G,igor shesterkin,8478048,64.46,66.0,95.0,63.69,44.0,70.65,47.07,model,,49.71240269461078,,64.46,66.0,60.05746756487025,49.71240269461078,60.05746756487025,60.05746756487025,80
M. Gosselin,8.5,Adam Fantilli,CBJ,F,adam fantilli,8484166,63.26,60.0,79.0,61.65,109.0,57.33,73.61,model,73.08900636559282,59.037853870081264,65.26945391249092,63.26,60.0,73.08900636559282,59.037853870081264,65.26945391249092,64.131262829633,89
M. Gosselin,9.8,Thomas Chabot,OTT,D,tom chabot,8478469,45.57,55.0,94.0,63.64,204.0,39.98,65.13,model,55.38266151297626,50.59956874181645,46.60586580865808,45.57,55.0,55.38266151297626,50.59956874181645,46.60586580865808,50.631619212690154,104
M. Gosselin,10.5,Matvei Michkov,PHI,F,matvei michkov,8484387,56.34,61.0,137.0,54.73,158.0,51.04,72.62,model,60.87948624243926,54.73672572374005,58.46623629946001,56.34,61.0,60.87948624243926,54.73672572374005,58.46623629946001,58.284489653127864,113
M. Gosselin,11.8,Dylan Holloway,STL,F,dylan holloway,8482077,60.59,65.0,75.0,63.3,89.0,60.59,66.28,model,75.08267674693207,54.639841552045894,61.454331365237415,60.59,65.0,75.08267674693207,54.639841552045894,61.454331365237415,63.35336993284308,128
M. Gosselin,12.5,Morgan Rielly,TOR,D,morgan rielly,8476853,42.52,54.0,155.0,49.11,286.0,35.3,70.22,model,39.77543859649123,53.01560987507862,41.22807092293757,42.52,54.0,39.77543859649123,53.01560987507862,41.22807092293757,46.107823878901485,137
M. Gosselin,13.8,Noah Hanifin,VGK,D,noah hanifin,8478396,36.9,41.0,172.0,44.4,212.0,39.95,68.42,model,48.39253279515641,42.056784368364376,40.3634573470121,36.9,41.0,48.39253279515641,42.056784368364376,40.3634573470121,41.742554902106576,152
M. Gosselin,14.5,Brandon Bussi,CAR,G,brandon bussi,8483548,70.65,69.0,118.0,60.59,77.0,63.69,46.08,model,,60.01437125748503,,70.65,69.0,66.55479041916168,60.01437125748503,66.55479041916168,66.55479041916168,161
M. Gosselin,15.8,Martin Fehervary,WSH,D,martin fehervary,8480796,26.82,30.0,275.0,35.21,,32.36,70.53,model,,32.900582382134,25.55068149210904,26.82,30.0,28.817815968560758,32.900582382134,25.55068149210904,28.81781596856076,176
M. Gosselin,16.5,Sean Walker,CAR,D,sean walker,8480336,33.21,40.0,175.0,42.6,307.0,33.18,70.21,model,43.10786699107867,,30.956685144124165,33.21,40.0,43.10786699107867,36.81863803380071,30.956685144124165,36.81863803380071,185
B. Belanger,1.9,Kirill Kaprizov,MIN,F,kirill kaprizov,8478864,98.11,88.0,21.0,84.13,5.0,103.14,75.16,model,109.21734027718593,113.67470119771201,101.27979209863534,98.11,88.0,109.21734027718593,113.67470119771201,101.27979209863534,102.05636671470666,9
B. Belanger,2.4,Lane Hutson,MTL,D,lane hutson,8483457,85.95,80.0,122.0,54.31,27.0,85.95,76.9,model,92.3341391351061,90.13041917872084,80.86663607824198,85.95,80.0,92.3341391351061,90.13041917872084,80.86663607824198,85.85623887841379,16
B. Belanger,3.9,Matt Boldy,MIN,F,matt boldy,8481557,85.37,86.0,7.0,98.11,16.0,91.7,73.54,model,98.32952837067089,100.73491418163805,84.16176252198296,85.37,86.0,98.32952837067089,100.73491418163805,84.16176252198296,90.91924101485839,33
B. Belanger,4.4,Mikhail Sergachev,UTA,D,mikhail sergachev,8479410,65.7,66.0,109.0,55.98,131.0,54.31,73.43,model,80.00369003690037,73.08201720474788,67.72104181880144,65.7,66.0,80.00369003690037,73.08201720474788,67.72104181880144,70.50134981208994,40
B. Belanger,5.9,Ivan Demidov,MTL,F,ivan demidov,8484984,61.66,59.0,262.0,40.29,56.0,68.34,73.46,model,73.37629042094717,58.85608537171199,64.13267698777365,61.66,59.0,73.37629042094717,58.85608537171199,64.13267698777365,63.405010556086566,57
B. Belanger,6.4,Logan Cooley,UTA,F,logan cooley,8483431,60.07,67.0,113.0,57.04,72.0,65.3,64.6,model,86.99944412537175,60.79536574316792,60.36042548317564,60.07,67.0,86.99944412537175,60.79536574316792,60.36042548317564,67.04504707034306,64
B. Belanger,7.9,Leo Carlsson,ANA,F,leo carlsson,8484153,70.5,65.0,133.0,56.08,64.0,66.53,70.43,model,88.76248103371886,73.96490533471074,76.61794448050189,70.5,65.0,88.76248103371886,73.96490533471074,76.61794448050189,74.9690661697863,81
B. Belanger,8.4,Brandt Clarke,LA,D,brandt clarke,8482730,49.11,44.0,148.0,50.29,176.0,44.4,73.04,model,67.47876061969016,44.6464747167865,51.856862696545754,49.11,44.0,67.47876061969016,44.6464747167865,51.856862696545754,51.41841960660448,88
B. Belanger,9.9,Trevor Zegras,PHI,F,trevor zegras,8481533,59.73,59.0,208.0,46.49,130.0,53.95,72.78,model,68.21068368056885,65.08334993226222,61.08258018397005,59.73,59.0,68.21068368056885,65.08334993226222,61.08258018397005,62.621322759360226,105
B. Belanger,10.4,Dougie Hamilton,NJ,D,dougie hamilton,8476462,49.64,50.0,181.0,41.59,133.0,54.13,70.1,model,60.52054068380599,56.568103300022145,50.196456227394975,49.64,50.0,60.52054068380599,56.568103300022145,50.196456227394975,53.385020042244626,112
B. Belanger,11.9,Gabriel Vilardi,WPG,F,gabriel vilardi,8480014,66.84,67.0,136.0,55.8,121.0,56.29,73.73,model,77.00349759414598,68.38896642774343,63.26581633417481,66.84,67.0,77.00349759414598,68.38896642774343,63.26581633417481,68.49965607121285,129
B. Belanger,12.4,Jimmy Snuggerud,STL,F,jimmy snuggerud,8483516,57.1,51.0,234.0,43.23,151.0,51.82,69.11,model,68.24146436585967,56.4435283477023,58.22198395641191,57.1,51.0,68.24146436585967,56.4435283477023,58.22198395641191,58.201395333994775,136
B. Belanger,13.9,Jet Greaves,CBJ,G,jet greaves,8482982,56.9,57.0,146.0,57.56,180.0,58.06,43.01,model,,45.45301943198805,,56.9,57.0,53.11767314399602,45.45301943198805,53.11767314399602,53.11767314399602,153
B. Belanger,14.4,Lukas Dostal,ANA,G,lukas dostal,8480843,61.82,64.47217987804878,253.0,39.54,183.0,57.56,49.4,model,,59.265231689088196,,61.82,64.47217987804878,61.85247052237899,59.265231689088196,61.85247052237899,61.852470522378994,160
B. Belanger,15.9,Owen Power,BUF,D,owen power,8482671,39.98,41.0,295.0,33.83,,32.36,71.97,model,45.27753303964758,41.11726327462628,38.55739086311878,39.98,41.0,45.27753303964758,41.11726327462628,38.55739086311878,41.186437435478524,177
B. Belanger,16.4,Aaron Ekblad,FLA,D,aaron ekblad,8477932,35.73,31.0,318.0,33.63,284.0,35.73,68.19,model,44.12821368948247,38.54060816073641,35.64927264808362,35.73,31.0,44.12821368948247,38.54060816073641,35.64927264808362,37.009618899660495,184
A. Cordeau,1.10,Quinn Hughes,MIN,D,quinn hughes,8480800,95.54,90.0,51.0,69.72,9.0,100.28,75.32,model,100.32283272283273,105.69630188679245,100.46710538426137,95.54,90.0,100.32283272283273,105.69630188679245,100.46710538426137,98.40524799877733,10
A. Cordeau,2.3,Andrei Vasilevskiy,TB,G,andrei vasilevskiy,8476883,78.2,91.0,22.0,78.2,11.0,78.2,52.56,model,,64.1640538116592,,78.2,91.0,77.78801793721972,64.1640538116592,77.78801793721972,77.78801793721972,15
A. Cordeau,3.10,Jake Guentzel,TB,F,jake guentzel,8477404,81.93,90.0,20.0,85.37,30.0,79.88,73.98,model,89.7661136619602,95.65390228422591,84.80370145379152,81.93,90.0,89.7661136619602,95.65390228422591,84.80370145379152,88.43074347999553,34
A. Cordeau,4.3,Miro Heiskanen,DAL,D,miro heiskanen,8480036,67.61,69.0,110.0,55.6,79.0,67.61,73.35,model,77.14185393258427,73.88633317802073,67.4946559804026,67.61,69.0,77.14185393258427,73.88633317802073,67.4946559804026,71.02656861820154,39
A. Cordeau,5.10,Matthew Tkachuk,FLA,F,matt tkachuk,8479314,66.83,85.0,27.0,80.39,42.0,75.82,58.66,model,92.78713151152705,78.08192736039976,68.93589815282876,66.83,85.0,92.78713151152705,78.08192736039976,68.93589815282876,78.32699140495112,58
A. Cordeau,6.3,Brandon Hagel,TB,F,brandon hagel,8479542,78.91,78.0,58.0,68.34,29.0,80.39,71.54,model,88.56710012829166,86.586897067368,83.08461147578248,78.91,78.0,88.56710012829166,86.586897067368,83.08461147578248,83.02972173428843,63
A. Cordeau,7.10,Charlie McAvoy,BOS,D,charlie mcavoy,8479325,56.34,65.0,144.0,50.69,129.0,55.0,60.56,model,80.0776125929165,61.95661988845851,53.57047706373949,56.34,65.0,80.0776125929165,61.95661988845851,53.57047706373949,63.388941909022904,82
A. Cordeau,8.3,Jesper Bratt,NJ,F,jesper bratt,8479407,73.46,80.0,83.0,61.43,53.0,68.68,74.63,model,83.64182480466742,82.36770494334093,77.65803673179666,73.46,80.0,83.64182480466742,82.36770494334093,77.65803673179666,79.425513295961,87
A. Cordeau,9.10,Filip Hronek,VAN,D,filip hronek,8479425,53.05,58.0,174.0,43.19,210.0,39.96,73.58,model,58.67256637168142,51.18242696175902,57.65783891094725,53.05,58.0,58.67256637168142,51.18242696175902,57.65783891094725,55.71256644887753,106
A. Cordeau,10.3,Robert Thomas,STL,F,robert thomas,8480023,73.0,72.0,192.0,48.69,49.0,71.71,68.93,model,84.24468722264727,81.70220489674891,73.89053301338299,73.0,72.0,84.24468722264727,81.70220489674891,73.89053301338299,76.96748502655583,111
A. Cordeau,11.10,Pavel Dorofeyev,NYR,F,pavel dorofeyev,8481604,61.32,60.0,64.0,65.95,65.0,66.03,73.18,model,71.49695155256266,55.71446730797364,62.37289507344334,61.32,60.0,71.49695155256266,55.71446730797364,62.37289507344334,62.180862786795934,130
A. Cordeau,12.3,Tony DeAngelo,NYI,D,tony deangelo,8477950,39.73,38.0,327.0,33.21,,32.36,69.66,model,46.91099000908265,42.428962051334096,40.90125780404561,39.73,38.0,46.91099000908265,42.428962051334096,40.90125780404561,41.594241972892476,135
A. Cordeau,13.10,Alex Ovechkin,WSH,F,alex ovechkin,8471214,45.61,68.0,38.0,76.51,70.0,65.63,58.03,model,68.74335569649983,63.224850654760296,43.88139851133185,45.61,68.0,68.74335569649983,63.224850654760296,43.88139851133185,57.89192097251839,154
A. Cordeau,14.3,Connor Hellebuyck,WPG,G,connor hellebuyck,8476945,19.01,70.0,111.0,62.84,47.0,65.35,14.49,model,,,,19.01,70.0,44.505,44.505,44.505,44.505,159
A. Cordeau,15.10,Alexander Nikishin,CAR,D,alex nikishin,8482100,35.3,45.0,241.0,37.88,198.0,41.7,61.95,model,50.0613261786125,34.06436091805398,35.19446977730647,35.3,45.0,50.0613261786125,34.06436091805398,35.19446977730647,39.92403137479459,178
A. Cordeau,16.3,William Eklund,OTT,F,will eklund,8482667,56.29,52.0,176.0,50.06,139.0,52.67,71.76,model,68.62096297294664,66.09914865714134,55.026868785812745,56.29,52.0,68.62096297294664,66.09914865714134,55.026868785812745,59.60739608318014,183
S. Marcoux,1.11,Zach Werenski,CBJ,D,zach werenski,8478460,99.5,105.0,9.0,106.87,14.0,99.5,75.72,model,106.7786683904331,110.32940414122938,101.59849251419722,99.5,105.0,106.7786683904331,110.32940414122938,101.59849251419722,104.64131300917192,11
S. Marcoux,2.2,Jack Eichel,VGK,F,jack eichel,8478403,92.37,89.0,24.0,83.01,23.0,85.37,73.72,model,102.12449669730196,103.14339913803951,88.98945083110259,92.37,89.0,102.12449669730196,103.14339913803951,88.98945083110259,95.12546933328882,14
S. Marcoux,3.11,William Nylander,TOR,F,will nylander,8477939,80.39,90.0,33.0,78.61,34.0,78.91,69.7,model,94.44570099639077,95.6423814372891,84.64405569563716,80.39,90.0,94.44570099639077,95.6423814372891,84.64405569563716,89.02442762586341,35
S. Marcoux,4.2,Clayton Keller,UTA,F,clayton keller,8479343,83.29,93.0,34.0,77.99,36.0,77.99,75.44,model,91.86810502707746,97.94823102415033,85.38674466372413,83.29,93.0,91.86810502707746,97.94823102415033,85.38674466372413,90.29861614299038,38
S. Marcoux,5.11,Bowen Byram,CHI,D,bowen byram,8481524,50.69,65.0,116.0,55.0,147.0,50.69,73.08,model,64.62264150943396,,57.666472795497185,50.69,65.0,64.62264150943396,59.49477857623278,57.666472795497185,59.49477857623278,59
S. Marcoux,6.2,Dylan Guenther,UTA,F,dylan guenther,8482699,76.6,71.0,47.0,71.71,50.0,71.3,73.64,model,90.74463234227208,83.75048533364358,73.79955986669874,76.6,71.0,90.74463234227208,83.75048533364358,73.79955986669874,79.17893550852287,62
S. Marcoux,7.11,Carter Hart,VGK,G,carter hart,8479394,60.2,72.0,128.0,60.2,191.0,57.51,38.21,model,,47.76822005988025,,60.2,72.0,59.98940668662675,47.76822005988025,59.98940668662675,59.98940668662675,83
S. Marcoux,8.2,Beckett Sennecke,ANA,F,beckett sennecke,8484762,63.3,60.0,124.0,56.39,122.0,56.23,73.62,model,72.99451124397947,63.79298928331878,62.22783261484691,63.3,60.0,72.99451124397947,63.79298928331878,62.22783261484691,64.46306662842903,86
S. Marcoux,9.11,Morgan Geekie,BOS,F,morgan geekie,8479987,59.49,68.0,90.0,60.07,118.0,56.39,72.61,model,75.13798596093899,68.16529530697834,60.71639540598361,59.49,68.0,75.13798596093899,68.16529530697834,60.71639540598361,66.3019353347802,107
S. Marcoux,10.2,Cole Hutson,WSH,D,cole hutson,8484873,41.7,,,31.04,149.0,50.29,51.56,model,65.45706371191135,42.969940483548115,36.18877142079971,41.7,46.578943904064786,65.45706371191135,42.969940483548115,36.18877142079971,46.578943904064786,110
S. Marcoux,11.11,Ilya Sorokin,NYI,G,ilya sorokin,8478009,63.13,80.0,88.0,64.46,32.0,72.69,51.33,model,,53.14074439461883,,63.13,80.0,65.42358146487294,53.14074439461883,65.42358146487294,65.42358146487294,131
S. Marcoux,12.2,Philip Broberg,STL,D,philip broberg,8481598,42.6,38.0,339.0,33.01,200.0,40.06,72.07,model,55.51694178974805,38.889219483646336,39.541907751750784,42.6,38.0,55.51694178974805,38.889219483646336,39.541907751750784,42.90961380502903,134
S. Marcoux,13.11,Zach Benson,BUF,F,zach benson,8484145,48.69,40.0,352.0,33.35,150.0,52.32,66.79,model,64.73627348342025,,49.77582852558256,48.69,40.0,64.73627348342025,50.8005255022507,49.77582852558256,50.8005255022507,155
S. Marcoux,14.2,Carter Verhaeghe,FLA,F,carter verhaeghe,8477409,53.88,59.0,120.0,56.51,127.0,54.73,70.54,model,58.92951864956366,70.4349030378068,49.73374343653348,53.88,59.0,58.92951864956366,70.4349030378068,49.73374343653348,58.395633024780786,158
S. Marcoux,15.11,Luca Cagnoni,SJ,D,luca cagnoni,8484152,22.42,,,31.04,,32.36,45.42,model,,,8.468661774228362,22.42,15.444330887114182,15.444330887114182,15.444330887114182,8.468661774228362,15.444330887114182,179
S. Marcoux,16.2,Sam Rinzel,CHI,D,sam rinzel,8483506,28.61,,,31.04,245.0,38.87,61.98,model,42.11106155218555,,21.760847193115442,28.61,30.82730291510033,42.11106155218555,30.82730291510033,21.760847193115442,30.82730291510033,182
D. Giroux,1.12,Nick Suzuki,MTL,F,nick suzuki,8480018,89.21,98.0,23.0,83.29,10.0,92.96,75.97,model,103.0432166974259,101.1098150395017,91.59560942689367,89.21,98.0,103.0432166974259,101.1098150395017,91.59560942689367,96.59172823276427,12
D. Giroux,2.1,Jason Robertson,DAL,F,jason robertson,8480027,91.7,92.0,5.0,103.14,13.0,92.12,76.03,model,106.32382020878022,98.10005392229674,97.34034007256787,91.7,92.0,106.32382020878022,98.10005392229674,97.34034007256787,97.09284284072896,13
D. Giroux,3.12,Moritz Seider,DET,D,moritz seider,8481542,63.64,66.0,25.0,95.54,74.0,67.82,74.61,model,77.94610891275674,64.27916325655411,58.541751458112415,63.64,66.0,77.94610891275674,64.27916325655411,58.541751458112415,66.08140472548465,36
D. Giroux,4.1,Logan Thompson,WSH,G,logan thompson,8480313,72.69,77.0,54.0,70.65,21.0,76.84,50.68,model,,64.20224215246638,,72.69,77.0,71.29741405082213,64.20224215246638,71.29741405082213,71.29741405082213,37
D. Giroux,5.12,Alex Tuch,WSH,F,alex tuch,8477949,61.65,71.0,18.0,86.24,98.0,58.69,71.97,model,75.49546839839343,69.13028329376196,63.54994844925108,61.65,71.0,75.49546839839343,69.13028329376196,63.54994844925108,68.16514002828129,60
D. Giroux,6.1,MacKenzie Weegar,UTA,D,mackenzie weegar,8477346,39.96,45.0,42.0,85.4,144.0,50.76,69.95,model,58.98618090452261,56.58159168714427,36.70519498415323,39.96,45.0,58.98618090452261,56.58159168714427,36.70519498415323,47.446593515164025,61
D. Giroux,7.12,Elias Pettersson,VAN,F,elias pettersson,8480012,57.04,64.0,62.0,66.53,119.0,56.34,70.67,model,61.96127232367428,59.126343646900295,58.87300096232728,57.04,64.0,61.96127232367428,59.126343646900295,58.87300096232728,60.200123386580366,84
D. Giroux,8.1,Mike Matheson,MTL,D,mike matheson,8476875,38.06,54.0,108.0,56.34,255.0,37.84,69.5,model,46.44444444444444,46.68466354537371,34.711031679282314,38.06,54.0,46.44444444444444,46.68466354537371,34.711031679282314,43.9800279338201,85
D. Giroux,9.12,Sam Bennett,FLA,F,sam bennett,8477935,57.33,59.0,102.0,58.51,83.0,61.66,70.71,model,69.21505440522068,67.25241533900119,48.99827278002559,57.33,59.0,69.21505440522068,67.25241533900119,48.99827278002559,60.359148504849486,108
D. Giroux,10.1,Gavin McKenna,TOR,F,gavin mckenna,8486067,43.45,42.0,205.0,47.13,136.0,53.38,65.0,rookie,66.57288823680732,,52.209239853415106,43.45,42.0,66.57288823680732,51.05803202255561,52.209239853415106,51.05803202255561,109
D. Giroux,11.12,Esa Lindell,DAL,D,esa lindell,8476902,32.36,40.0,218.0,38.95,,32.36,70.33,model,38.44998083556918,,30.847995934959346,32.36,40.0,38.44998083556918,35.414494192632134,30.847995934959346,35.414494192632134,132
D. Giroux,12.1,Colton Parayko,STL,D,colton parayko,8476892,28.54,32.0,159.0,47.5,250.0,38.06,67.82,model,44.778992395437264,,29.055658684854322,28.54,32.0,44.778992395437264,33.593662770072896,29.055658684854322,33.593662770072896,133
D. Giroux,13.12,Patrick Kane,CHI,F,patrick kane,8474141,52.67,72.0,89.0,60.21,153.0,51.53,64.72,model,57.5942197427585,56.79523876718647,52.85612330096449,52.67,72.0,57.5942197427585,56.79523876718647,52.85612330096449,58.38311636218189,156
D. Giroux,14.1,Darnell Nurse,SJ,D,darnell nurse,8477498,30.96,34.0,152.0,49.64,220.0,39.73,70.42,model,41.51278825995807,,31.790139091374762,30.96,34.0,41.51278825995807,34.56573183783321,31.790139091374762,34.56573183783321,157
D. Giroux,15.12,Linus Ullmark,OTT,G,linus ullmark,8476999,62.84,74.0,93.0,63.79,148.0,59.26,44.28,model,,51.739426008968614,,62.84,74.0,62.85980866965621,51.739426008968614,62.85980866965621,62.8598086696562,180
D. Giroux,16.1,Chris Kreider,MTL,F,chris kreider,8475184,44.85,48.0,197.0,48.39,182.0,47.65,67.25,model,52.834029651688844,55.52601462393348,38.74898369150406,44.85,48.0,52.834029651688844,55.52601462393348,38.74898369150406,47.99180559342527,181
